Max_Discs,Average_Runtime_Seconds
3,0.016200
4,0.033000
5,0.068000
6,0.138200
7,0.276000
8,0.551400
9,1.096400
10,2.220800
11,4.456400
